timestamp,currency,rate
2026-10-10 12:02,USD,25862.649232
2026-10-10 12:02,EUR,28981.55750613806
2026-10-10 12:02,JPY,163.39211219645316
2026-10-10 12:02,CNY,3856.3757854547816
2026-10-10 12:02,KRW,19.277547341967367
2026-10-10 12:02,GBP,34216.77830566239
2026-10-10 12:02,SGD,20193.39419776568
2026-10-10 12:02,AUD,18047.591097154622
2026-10-10 12:02,CAD,18144.910952412025
2026-10-10 12:02,CHF,31133.74852623406
2026-10-10 12:02,HKD,3295.335008863747
2026-10-10 12:02,THB,770.4570770970984
2026-10-10 12:02,INR,266.99080150893604
2026-10-10 12:05,USD,25862.649232
2026-10-10 12:05,EUR,28981.55750613806
2026-10-10 12:05,JPY,163.39211219645316
2026-10-10 12:05,CNY,3856.3757854547816
2026-10-10 12:05,KRW,19.277547341967367
2026-10-10 12:05,GBP,34216.77830566239
2026-10-10 12:05,SGD,20193.39419776568
2026-10-10 12:05,AUD,18047.591097154622
2026-10-10 12:05,CAD,18144.910952412025
2026-10-10 12:05,CHF,31133.74852623406
2026-10-10 12:05,HKD,3295.335008863747
2026-10-10 12:05,THB,770.4570770970984
2026-10-10 12:05,INR,266.99080150893604
2026-10-10 12:39,USD,25862.649232
2026-10-10 12:39,EUR,28981.55750613806
2026-10-10 12:39,JPY,163.39211219645316
2026-10-10 12:39,CNY,3856.3757854547816
2026-10-10 12:39,KRW,19.277547341967367
2026-10-10 12:39,GBP,34216.77830566239
2026-10-10 12:39,SGD,20193.39419776568
2026-10-10 12:39,AUD,18047.591097154622
2026-10-10 12:39,CAD,18144.910952412025
2026-10-10 12:39,CHF,31133.74852623406
2026-10-10 12:39,HKD,3295.335008863747
2026-10-10 12:39,THB,770.4570770970984
2026-10-10 12:39,INR,266.99080150893604
2026-10-10 13:06,USD,25862.649232
2026-10-10 13:06,EUR,28981.55750613806
2026-10-10 13:06,JPY,163.39211219645316
2026-10-10 13:06,CNY,3856.3757854547816
2026-10-10 13:06,KRW,19.277547341967367
2026-10-10 13:06,GBP,34216.77830566239
2026-10-10 13:06,SGD,20193.39419776568
2026-10-10 13:06,AUD,18047.591097154622
2026-10-10 13:06,CAD,18144.910952412025
2026-10-10 13:06,CHF,31133.74852623406
2026-10-10 13:06,HKD,3295.335008863747
2026-10-10 13:06,THB,770.4570770970984
2026-10-10 13:06,INR,266.99080150893604
2026-10-10 13:45,USD,25862.649232
2026-10-10 13:45,EUR,28981.55750613806
2026-10-10 13:45,JPY,163.39211219645316
2026-10-10 13:45,CNY,3856.3757854547816
2026-10-10 13:45,KRW,19.277547341967367
2026-10-10 13:45,GBP,34216.77830566239
2026-10-10 13:45,SGD,20193.39419776568
2026-10-10 13:45,AUD,18047.591097154622
2026-10-10 13:45,CAD,18144.910952412025
2026-10-10 13:45,CHF,31133.74852623406
2026-10-10 13:45,HKD,3295.335008863747
2026-10-10 13:45,THB,770.4570770970984
2026-10-10 13:45,INR,266.99080150893604
2026-10-10 14:06,USD,25862.649232
2026-10-10 14:06,EUR,28981.55750613806
2026-10-10 14:06,JPY,163.39211219645316
2026-10-10 14:06,CNY,3856.3757854547816
2026-10-10 14:06,KRW,19.277547341967367
2026-10-10 14:06,GBP,34216.77830566239
2026-10-10 14:06,SGD,20193.39419776568
2026-10-10 14:06,AUD,18047.591097154622
2026-10-10 14:06,CAD,18144.910952412025
2026-10-10 14:06,CHF,31133.74852623406
2026-10-10 14:06,HKD,3295.335008863747
2026-10-10 14:06,THB,770.4570770970984
2026-10-10 14:06,INR,266.99080150893604
2026-10-10 14:39,USD,25862.649232
2026-10-10 14:39,EUR,28981.55750613806
2026-10-10 14:39,JPY,163.39211219645316
2026-10-10 14:39,CNY,3856.3757854547816
2026-10-10 14:39,KRW,19.277547341967367
2026-10-10 14:39,GBP,34216.77830566239
2026-10-10 14:39,SGD,20193.39419776568
2026-10-10 14:39,AUD,18047.591097154622
2026-10-10 14:39,CAD,18144.910952412025
2026-10-10 14:39,CHF,31133.74852623406
2026-10-10 14:39,HKD,3295.335008863747
2026-10-10 14:39,THB,770.4570770970984
2026-10-10 14:39,INR,266.99080150893604
2026-10-10 15:04,USD,25862.649232
2026-10-10 15:04,EUR,28981.55750613806
2026-10-10 15:04,JPY,163.39211219645316
2026-10-10 15:04,CNY,3856.3757854547816
2026-10-10 15:04,KRW,19.277547341967367
2026-10-10 15:04,GBP,34216.77830566239
2026-10-10 15:04,SGD,20193.39419776568
2026-10-10 15:04,AUD,18047.591097154622
2026-10-10 15:04,CAD,18144.910952412025
2026-10-10 15:04,CHF,31133.74852623406
2026-10-10 15:04,HKD,3295.335008863747
2026-10-10 15:04,THB,770.4570770970984
2026-10-10 15:04,INR,266.99080150893604
2026-10-10 15:40,USD,25862.649232
2026-10-10 15:40,EUR,28981.55750613806
2026-10-10 15:40,JPY,163.39211219645316
2026-10-10 15:40,CNY,3856.3757854547816
2026-10-10 15:40,KRW,19.277547341967367
2026-10-10 15:40,GBP,34216.77830566239
2026-10-10 15:40,SGD,20193.39419776568
2026-10-10 15:40,AUD,18047.591097154622
2026-10-10 15:40,CAD,18144.910952412025
2026-10-10 15:40,CHF,31133.74852623406
2026-10-10 15:40,HKD,3295.335008863747
2026-10-10 15:40,THB,770.4570770970984
2026-10-10 15:40,INR,266.99080150893604
2026-10-10 16:04,USD,25862.649232
2026-10-10 16:04,EUR,28981.55750613806
2026-10-10 16:04,JPY,163.39211219645316
2026-10-10 16:04,CNY,3856.3757854547816
2026-10-10 16:04,KRW,19.277547341967367
2026-10-10 16:04,GBP,34216.77830566239
2026-10-10 16:04,SGD,20193.39419776568
2026-10-10 16:04,AUD,18047.591097154622
2026-10-10 16:04,CAD,18144.910952412025
2026-10-10 16:04,CHF,31133.74852623406
2026-10-10 16:04,HKD,3295.335008863747
2026-10-10 16:04,THB,770.4570770970984
2026-10-10 16:04,INR,266.99080150893604
2026-10-10 16:40,USD,25862.649232
2026-10-10 16:40,EUR,28981.55750613806
2026-10-10 16:40,JPY,163.39211219645316
2026-10-10 16:40,CNY,3856.3757854547816
2026-10-10 16:40,KRW,19.277547341967367
2026-10-10 16:40,GBP,34216.77830566239
2026-10-10 16:40,SGD,20193.39419776568
2026-10-10 16:40,AUD,18047.591097154622
2026-10-10 16:40,CAD,18144.910952412025
2026-10-10 16:40,CHF,31133.74852623406
2026-10-10 16:40,HKD,3295.335008863747
2026-10-10 16:40,THB,770.4570770970984
2026-10-10 16:40,INR,266.99080150893604
2026-10-10 17:04,USD,25862.649232
2026-10-10 17:04,EUR,28981.55750613806
2026-10-10 17:04,JPY,163.39211219645316
2026-10-10 17:04,CNY,3856.3757854547816
2026-10-10 17:04,KRW,19.277547341967367
2026-10-10 17:04,GBP,34216.77830566239
2026-10-10 17:04,SGD,20193.39419776568
2026-10-10 17:04,AUD,18047.591097154622
2026-10-10 17:04,CAD,18144.910952412025
2026-10-10 17:04,CHF,31133.74852623406
2026-10-10 17:04,HKD,3295.335008863747
2026-10-10 17:04,THB,770.4570770970984
2026-10-10 17:04,INR,266.99080150893604
2026-10-10 17:39,USD,25862.649232
2026-10-10 17:39,EUR,28981.55750613806
2026-10-10 17:39,JPY,163.39211219645316
2026-10-10 17:39,CNY,3856.3757854547816
2026-10-10 17:39,KRW,19.277547341967367
2026-10-10 17:39,GBP,34216.77830566239
2026-10-10 17:39,SGD,20193.39419776568
2026-10-10 17:39,AUD,18047.591097154622
2026-10-10 17:39,CAD,18144.910952412025
2026-10-10 17:39,CHF,31133.74852623406
2026-10-10 17:39,HKD,3295.335008863747
2026-10-10 17:39,THB,770.4570770970984
2026-10-10 17:39,INR,266.99080150893604
2026-10-10 18:03,USD,25862.649232
2026-10-10 18:03,EUR,28981.55750613806
2026-10-10 18:03,JPY,163.39211219645316
2026-10-10 18:03,CNY,3856.3757854547816
2026-10-10 18:03,KRW,19.277547341967367
2026-10-10 18:03,GBP,34216.77830566239
2026-10-10 18:03,SGD,20193.39419776568
2026-10-10 18:03,AUD,18047.591097154622
2026-10-10 18:03,CAD,18144.910952412025
2026-10-10 18:03,CHF,31133.74852623406
2026-10-10 18:03,HKD,3295.335008863747
2026-10-10 18:03,THB,770.4570770970984
2026-10-10 18:03,INR,266.99080150893604
2026-10-10 18:38,USD,25862.649232
2026-10-10 18:38,EUR,28981.55750613806
2026-10-10 18:38,JPY,163.39211219645316
2026-10-10 18:38,CNY,3856.3757854547816
2026-10-10 18:38,KRW,19.277547341967367
2026-10-10 18:38,GBP,34216.77830566239
2026-10-10 18:38,SGD,20193.39419776568
2026-10-10 18:38,AUD,18047.591097154622
2026-10-10 18:38,CAD,18144.910952412025
2026-10-10 18:38,CHF,31133.74852623406
2026-10-10 18:38,HKD,3295.335008863747
2026-10-10 18:38,THB,770.4570770970984
2026-10-10 18:38,INR,266.99080150893604
2026-10-10 19:05,USD,25862.649232
2026-10-10 19:05,EUR,28981.55750613806
2026-10-10 19:05,JPY,163.39211219645316
2026-10-10 19:05,CNY,3856.3757854547816
2026-10-10 19:05,KRW,19.277547341967367
2026-10-10 19:05,GBP,34216.77830566239
2026-10-10 19:05,SGD,20193.39419776568
2026-10-10 19:05,AUD,18047.591097154622
2026-10-10 19:05,CAD,18144.910952412025
2026-10-10 19:05,CHF,31133.74852623406
2026-10-10 19:05,HKD,3295.335008863747
2026-10-10 19:05,THB,770.4570770970984
2026-10-10 19:05,INR,266.99080150893604
2026-10-10 19:45,USD,25862.649232
2026-10-10 19:45,EUR,28981.55750613806
2026-10-10 19:45,JPY,163.39211219645316
2026-10-10 19:45,CNY,3856.3757854547816
2026-10-10 19:45,KRW,19.277547341967367
2026-10-10 19:45,GBP,34216.77830566239
2026-10-10 19:45,SGD,20193.39419776568
2026-10-10 19:45,AUD,18047.591097154622
2026-10-10 19:45,CAD,18144.910952412025
2026-10-10 19:45,CHF,31133.74852623406
2026-10-10 19:45,HKD,3295.335008863747
2026-10-10 19:45,THB,770.4570770970984
2026-10-10 19:45,INR,266.99080150893604
2026-10-10 20:06,USD,25862.649232
2026-10-10 20:06,EUR,28981.55750613806
2026-10-10 20:06,JPY,163.39211219645316
2026-10-10 20:06,CNY,3856.3757854547816
2026-10-10 20:06,KRW,19.277547341967367
2026-10-10 20:06,GBP,34216.77830566239
2026-10-10 20:06,SGD,20193.39419776568
2026-10-10 20:06,AUD,18047.591097154622
2026-10-10 20:06,CAD,18144.910952412025
2026-10-10 20:06,CHF,31133.74852623406
2026-10-10 20:06,HKD,3295.335008863747
2026-10-10 20:06,THB,770.4570770970984
2026-10-10 20:06,INR,266.99080150893604
2026-10-10 20:39,USD,25862.649232
2026-10-10 20:39,EUR,28981.55750613806
2026-10-10 20:39,JPY,163.39211219645316
2026-10-10 20:39,CNY,3856.3757854547816
2026-10-10 20:39,KRW,19.277547341967367
2026-10-10 20:39,GBP,34216.77830566239
2026-10-10 20:39,SGD,20193.39419776568
2026-10-10 20:39,AUD,18047.591097154622
2026-10-10 20:39,CAD,18144.910952412025
2026-10-10 20:39,CHF,31133.74852623406
2026-10-10 20:39,HKD,3295.335008863747
2026-10-10 20:39,THB,770.4570770970984
2026-10-10 20:39,INR,266.99080150893604
2026-10-10 21:04,USD,25862.649232
2026-10-10 21:04,EUR,28981.55750613806
2026-10-10 21:04,JPY,163.39211219645316
2026-10-10 21:04,CNY,3856.3757854547816
2026-10-10 21:04,KRW,19.277547341967367
2026-10-10 21:04,GBP,34216.77830566239
2026-10-10 21:04,SGD,20193.39419776568
2026-10-10 21:04,AUD,18047.591097154622
2026-10-10 21:04,CAD,18144.910952412025
2026-10-10 21:04,CHF,31133.74852623406
2026-10-10 21:04,HKD,3295.335008863747
2026-10-10 21:04,THB,770.4570770970984
2026-10-10 21:04,INR,266.99080150893604
2026-10-10 21:39,USD,25862.649232
2026-10-10 21:39,EUR,28981.55750613806
2026-10-10 21:39,JPY,163.39211219645316
2026-10-10 21:39,CNY,3856.3757854547816
2026-10-10 21:39,KRW,19.277547341967367
2026-10-10 21:39,GBP,34216.77830566239
2026-10-10 21:39,SGD,20193.39419776568
2026-10-10 21:39,AUD,18047.591097154622
2026-10-10 21:39,CAD,18144.910952412025
2026-10-10 21:39,CHF,31133.74852623406
2026-10-10 21:39,HKD,3295.335008863747
2026-10-10 21:39,THB,770.4570770970984
2026-10-10 21:39,INR,266.99080150893604
2026-10-10 22:04,USD,25862.649232
2026-10-10 22:04,EUR,28981.55750613806
2026-10-10 22:04,JPY,163.39211219645316
2026-10-10 22:04,CNY,3856.3757854547816
2026-10-10 22:04,KRW,19.277547341967367
2026-10-10 22:04,GBP,34216.77830566239
2026-10-10 22:04,SGD,20193.39419776568
2026-10-10 22:04,AUD,18047.591097154622
2026-10-10 22:04,CAD,18144.910952412025
2026-10-10 22:04,CHF,31133.74852623406
2026-10-10 22:04,HKD,3295.335008863747
2026-10-10 22:04,THB,770.4570770970984
2026-10-10 22:04,INR,266.99080150893604
2026-10-10 22:39,USD,25862.649232
2026-10-10 22:39,EUR,28981.55750613806
2026-10-10 22:39,JPY,163.39211219645316
2026-10-10 22:39,CNY,3856.3757854547816
2026-10-10 22:39,KRW,19.277547341967367
2026-10-10 22:39,GBP,34216.77830566239
2026-10-10 22:39,SGD,20193.39419776568
2026-10-10 22:39,AUD,18047.591097154622
2026-10-10 22:39,CAD,18144.910952412025
2026-10-10 22:39,CHF,31133.74852623406
2026-10-10 22:39,HKD,3295.335008863747
2026-10-10 22:39,THB,770.4570770970984
2026-10-10 22:39,INR,266.99080150893604
2026-10-10 23:03,USD,25862.649232
2026-10-10 23:03,EUR,28981.55750613806
2026-10-10 23:03,JPY,163.39211219645316
2026-10-10 23:03,CNY,3856.3757854547816
2026-10-10 23:03,KRW,19.277547341967367
2026-10-10 23:03,GBP,34216.77830566239
2026-10-10 23:03,SGD,20193.39419776568
2026-10-10 23:03,AUD,18047.591097154622
2026-10-10 23:03,CAD,18144.910952412025
2026-10-10 23:03,CHF,31133.74852623406
2026-10-10 23:03,HKD,3295.335008863747
2026-10-10 23:03,THB,770.4570770970984
2026-10-10 23:03,INR,266.99080150893604
2026-10-10 23:40,USD,25862.649232
2026-10-10 23:40,EUR,28981.55750613806
2026-10-10 23:40,JPY,163.39211219645316
2026-10-10 23:40,CNY,3856.3757854547816
2026-10-10 23:40,KRW,19.277547341967367
2026-10-10 23:40,GBP,34216.77830566239
2026-10-10 23:40,SGD,20193.39419776568
2026-10-10 23:40,AUD,18047.591097154622
2026-10-10 23:40,CAD,18144.910952412025
2026-10-10 23:40,CHF,31133.74852623406
2026-10-10 23:40,HKD,3295.335008863747
2026-10-10 23:40,THB,770.4570770970984
2026-10-10 23:40,INR,266.99080150893604
2026-10-11 00:04,USD,25862.649232
2026-10-11 00:04,EUR,28981.55750613806
2026-10-11 00:04,JPY,163.39211219645316
2026-10-11 00:04,CNY,3856.3757854547816
2026-10-11 00:04,KRW,19.277547341967367
2026-10-11 00:04,GBP,34216.77830566239
2026-10-11 00:04,SGD,20193.39419776568
2026-10-11 00:04,AUD,18047.591097154622
2026-10-11 00:04,CAD,18144.910952412025
2026-10-11 00:04,CHF,31133.74852623406
2026-10-11 00:04,HKD,3295.335008863747
2026-10-11 00:04,THB,770.4570770970984
2026-10-11 00:04,INR,266.99080150893604
2026-10-11 00:37,USD,25862.649232
2026-10-11 00:37,EUR,28981.55750613806
2026-10-11 00:37,JPY,163.39211219645316
2026-10-11 00:37,CNY,3856.3757854547816
2026-10-11 00:37,KRW,19.277547341967367
2026-10-11 00:37,GBP,34216.77830566239
2026-10-11 00:37,SGD,20193.39419776568
2026-10-11 00:37,AUD,18047.591097154622
2026-10-11 00:37,CAD,18144.910952412025
2026-10-11 00:37,CHF,31133.74852623406
2026-10-11 00:37,HKD,3295.335008863747
2026-10-11 00:37,THB,770.4570770970984
2026-10-11 00:37,INR,266.99080150893604
2026-10-11 01:04,USD,25862.649232
2026-10-11 01:04,EUR,28981.55750613806
2026-10-11 01:04,JPY,163.39211219645316
2026-10-11 01:04,CNY,3856.3757854547816
2026-10-11 01:04,KRW,19.277547341967367
2026-10-11 01:04,GBP,34216.77830566239
2026-10-11 01:04,SGD,20193.39419776568
2026-10-11 01:04,AUD,18047.591097154622
2026-10-11 01:04,CAD,18144.910952412025
2026-10-11 01:04,CHF,31133.74852623406
2026-10-11 01:04,HKD,3295.335008863747
2026-10-11 01:04,THB,770.4570770970984
2026-10-11 01:04,INR,266.99080150893604
2026-10-11 01:43,USD,25862.649232
2026-10-11 01:43,EUR,28981.55750613806
2026-10-11 01:43,JPY,163.39211219645316
2026-10-11 01:43,CNY,3856.3757854547816
2026-10-11 01:43,KRW,19.277547341967367
2026-10-11 01:43,GBP,34216.77830566239
2026-10-11 01:43,SGD,20193.39419776568
2026-10-11 01:43,AUD,18047.591097154622
2026-10-11 01:43,CAD,18144.910952412025
2026-10-11 01:43,CHF,31133.74852623406
2026-10-11 01:43,HKD,3295.335008863747
2026-10-11 01:43,THB,770.4570770970984
2026-10-11 01:43,INR,266.99080150893604
2026-10-11 02:05,USD,25862.649232
2026-10-11 02:05,EUR,28981.55750613806
2026-10-11 02:05,JPY,163.39211219645316
2026-10-11 02:05,CNY,3856.3757854547816
2026-10-11 02:05,KRW,19.277547341967367
2026-10-11 02:05,GBP,34216.77830566239
2026-10-11 02:05,SGD,20193.39419776568
2026-10-11 02:05,AUD,18047.591097154622
2026-10-11 02:05,CAD,18144.910952412025
2026-10-11 02:05,CHF,31133.74852623406
2026-10-11 02:05,HKD,3295.335008863747
2026-10-11 02:05,THB,770.4570770970984
2026-10-11 02:05,INR,266.99080150893604
